1,1,Example event 1,1492387200,Example event location 1,Excample event description 1,61
2,1,Example event 2,1492560000,Example event location 2,Excample event description 2,64
3,1,Example event 3,1492732800,Example event location 3,Excample event description 3,67
4,1,Example event 4,1492905600,Example event location 4,Excample event description 4,68
5,2,Example event 5,1493078400,Example event location 5,Excample event description 5,70
6,2,Example event 6,1493251200,Example event location 6,Excample event description 6,75
7,3,Example event 7,1493424000,Example event location 7,Excample event description 7,71
8,5,Example event 8,1493596800,Example event location 8,Excample event description 8,72
9,5,Example event 9,1493769600,Example event location 9,Excample event description 9,63
10,5,Example event 10,1493942400,Example event location 10,Excample event description 10,62
11,5,Example event 11,1494115200,Example event location 11,Excample event description 11,68
12,5,Example event 12,1494288000,Example event location 12,Excample event description 12,68
13,5,Example event 13,1494460800,Example event location 13,Excample event description 13,64
14,5,Example event 14,1494633600,Example event location 14,Excample event description 14,67
15,5,Example event 15,1492387200,Example event location 15,Excample event description 15,69
16,6,Example event 16,1492560000,Example event location 16,Excample event description 16,61
17,6,Example event 17,1492732800,Example event location 17,Excample event description 17,61
18,6,Example event 18,1492905600,Example event location 18,Excample event description 18,61
19,6,Example event 19,1493078400,Example event location 19,Excample event description 19,62
20,6,Example event 20,1493251200,Example event location 20,Excample event description 20,63
21,7,Example event 21,1493424000,Example event location 21,Excample event description 21,65
22,7,Example event 22,1493596800,Example event location 22,Excample event description 22,64
23,7,Example event 23,1493769600,Example event location 23,Excample event description 23,67
24,7,Example event 24,1493942400,Example event location 24,Excample event description 24,68
25,7,Example event 25,1494115200,Example event location 25,Excample event description 25,71
26,8,Example event 26,1494288000,Example event location 26,Excample event description 26,72
27,8,Example event 27,1494460800,Example event location 27,Excample event description 27,74
28,10,Example event 28,1494633600,Example eventlocation 28,Excample event description 28,74
29,12,Example event 29,1492387200,Example eventlocation 29,Excample event description 29,74
30,16,Example event 30,1492560000,Example eventlocation 30,Excample event description 30,67
31,20,Example event 31,1492732800,Example eventlocation 31,Excample event description 31,67
32,20,Example event 32,1492905600,Example eventlocation 32,Excample event description 32,69
33,20,Example event 33,1493078400,Example eventlocation 33,Excample event description 33,61
34,20,Example event 34,1493251200,Example eventlocation 34,Excample event description 34,62
35,20,Example event 35,1493424000,Example eventlocation 35,Excample event description 35,62
36,20,Example event 36,1493596800,Example eventlocation 36,Excample event description 36,64
37,20,Example event 37,1493769600,Example eventlocation 37,Excample event description 37,63
38,20,Example event 38,1493942400,Example eventlocation 38,Excample event description 38,63
39,21,Example event 39,1494115200,Example eventlocation 39,Excample event description 39,63
40,22,Example event 40,1494288000,Example eventlocation 40,Excample event description 40,71
41,22,Example event 41,1494460800,Example eventlocation 41,Excample event description 41,72
42,22,Example event 42,1494633600,Example eventlocation 42,Excample event description 42,73
43,23,Example event 43,1492387200,Example eventlocation 43,Excample event description 43,69
44,23,Example event 44,1492560000,Example eventlocation 44,Excample event description 44,68
45,23,Example event 45,1492732800,Example eventlocation 45,Excample event description 45,63
46,23,Example event 46,1492905600,Example eventlocation 46,Excample event description 46,63
47,23,Example event 47,1493078400,Example eventlocation 47,Excample event description 47,66
48,23,Example event 48,1493251200,Example eventlocation 48,Excample event description 48,66
49,23,Example event 49,1493424000,Example eventlocation 49,Excample event description 49,66
50,23,Example event 50,1493596800,Example eventlocation 50,Excample event description 50,66
51,24,Example event 51,1493769600,Example eventlocation 51,Excample event description 51,65
52,24,Example event 52,1493942400,Example eventlocation 52,Excample event description 52,63
53,24,Example event 53,1494115200,Example eventlocation 53,Excample event description 53,63
54,24,Example event 54,1494288000,Example eventlocation 54,Excample event description 54,65
55,24,Example event 55,1494460800,Example eventlocation 55,Excample event description 55,70
56,25,Example event 56,1494633600,Example eventlocation 56,Excample event description 56,70
57,25,Example event 57,1494288000,Example eventlocation 57,Excample event description 57,75
58,25,Example event 58,1494460800,Example eventlocation 58,Excample event description 58,67
59,25,Example event 59,1494633600,Example eventlocation 59,Excample event description 59,67
60,25,Example event 60,1492387200,Example eventlocation 60,Excample event description 60,66
61,26,Example event 61,1492560000,Example eventlocation 61,Excample event description 61,66
62,29,Example event 62,1492732800,Example eventlocation 62,Excample event description 62,61
63,30,Example event 63,1492905600,Example eventlocation 63,Excample event description 63,62
64,30,Example event 64,1493078400,Example eventlocation 64,Excample event description 64,63
65,30,Example event 65,1493251200,Example eventlocation 65,Excample event description 65,64
66,30,Example event 66,1493424000,Example eventlocation 66,Excample event description 66,68
67,30,Example event 67,1493596800,Example eventlocation 67,Excample event description 67,62
68,31,Example event 68,1493769600,Example eventlocation 68,Excample event description 68,62
69,32,Example event 69,1493942400,Example eventlocation 69,Excample event description 69,62
70,33,Example event 70,1494115200,Example eventlocation 70,Excample event description 70,67
71,35,Example event 71,1494288000,Example eventlocation 71,Excample event description 71,70
72,35,Example event 72,1494460800,Example eventlocation 72,Excample event description 72,70
73,35,Example event 73,1494633600,Example eventlocation 73,Excample event description 73,75
74,35,Example event 74,1494288000,Example eventlocation 74,Excample event description 74,67
75,35,Example event 75,1494460800,Example eventlocation 75,Excample event description 75,67
76,40,Example event 76,1494633600,Example eventlocation 76,Excample event description 76,66
77,42,Example event 77,1492387200,Example eventlocation 77,Excample event description 77,66
78,42,Example event 78,1492560000,Example eventlocation 78,Excample event description 78,61
79,42,Example event 79,1492732800,Example eventlocation 79,Excample event description 79,62
80,45,Example event 80,1492905600,Example eventlocation 80,Excample event description 80,63
81,46,Example event 81,1493078400,Example eventlocation 81,Excample event description 81,64
82,46,Example event 82,1493251200,Example eventlocation 82,Excample event description 82,68
83,46,Example event 83,1493424000,Example eventlocation 83,Excample event description 83,62
84,47,Example event 84,1493596800,Example eventlocation 84,Excample event description 84,62
85,50,Example event 85,1493769600,Example eventlocation 85,Excample event description 85,62
